{"cameraMode":{"drawMode":0,"name":"Shaded","section":"Shading Mode"},"sceneLighting":true,"audioPlay":false,"sceneViewState":{"showFog":true,"showMaterialUpdate":false,"showSkybox":true,"showFlares":true,"showImageEffects":true,"showParticleSystems":true},"in2DMode":false,"pivot":{"x":-151.10787963867188,"y":-55.939598083496097,"z":165.0704803466797},"rotation":{"x":-0.1115749254822731,"y":0.3658571243286133,"z":-0.04422837123274803,"w":-0.9229145050048828},"size":209.54725646972657,"orthographic":false}